plot,grp,x,y,z
1,A,1.3709584471466685,1.2009653755984941,-2.000929237731511
1,A,-0.5646981713960887,1.0447510871677252,0.3337771974335701
1,A,0.3631284113373392,-1.003208646839848,1.1713251273587943
1,A,0.6328626049610404,1.8484819016727465,2.0595392422993046
1,A,0.40426832314099903,-0.6667734087578172,-1.376861598240521
1,A,-0.10612451609148403,0.10551381245606943,-1.1508555656271056
1,A,1.511521997438939,-0.422255881868856,-0.7058213947601213
1,A,-0.09465903841309756,-0.12235017195497132,-1.0540557820771916
1,A,2.018423713877042,0.18819303450149788,-0.6457437231424913
1,A,-0.062714099052421,0.11916095799700638,-0.1853779676765034
1,A,1.3048696542234852,-0.025092550867402877,-1.2012220507399851
1,A,2.286645392701107,0.10807272794203257,2.036972166983151
1,A,-1.3888607011123393,-0.4854352358466677,0.10777474488554671
1,A,-0.27878876681737136,-0.5042171306879035,-0.08410810050558064
1,A,-0.13332133639365804,-1.661099079914812,0.49561964160459393
1,A,0.6359503980700744,-0.38233372687381795,0.03741518611796535
1,A,-0.2842529214160724,-0.5126502578778004,-0.1320880369559099
1,A,-2.6564554209047757,2.7018910003447982,1.4767874235520968
1,A,-2.4404669285755194,-1.3621162311897186,-0.21703021009210352
1,A,1.3201133457301921,0.13725621855860692,-1.283602204092225
1,A,-0.30663859407847455,-1.4936250673162905,0.3856678904434024
1,A,-1.78130843398,-1.4704357414367966,-0.3515128735290924
1,A,-0.17191735575962136,0.1247023861970068,-0.5217960933562692
1,A,1.2146746991725987,-0.9966391348840373,-1.0681312006871702
1,A,1.8951934612649652,-0.001822614304708196,0.4283659032666924
1,A,-0.43046913160619965,-0.42825888142581525,-0.17401823442699496
1,A,-0.25726938276892963,-0.6136716064494954,0.5156677286480295
1,A,-1.7631630851947802,-2.0246778454191077,-0.2343652773059215
1,A,0.4600973548312714,-1.224747950359986,-0.6585034258217708
1,A,-0.6399948759601192,0.17951644111793794,1.250236604078717
1,A,0.45545012324121936,0.5676205944235353,-0.2717637151113968
1,A,0.7048373372288191,-0.49287735355347473,0.9479519958751961
1,A,1.0351035219699223,6.288406535112408e-5,-1.2015824301089377
1,A,-0.6089263754072111,1.1228896433799662,-0.4661160963755024
1,A,0.5049551232979703,1.43985574297619,-0.26935139515317985
1,A,-1.7170086790733425,-1.0971137684058216,-0.39096540813086056
1,A,-0.784459008379496,-0.11731956025017684,1.3487070119917135
1,A,-0.8509075941765183,1.2014984009197012,-0.0227647012984126
1,A,-2.414207649946632,-0.46972958056630093,0.24422585110345035
1,A,0.03612260689225563,-0.05246948493899633,-0.9423717078639228
1,A,0.20599860020025385,-0.08610729823708956,-0.7292172765095745
1,A,-0.3610572985486663,-0.8876790179064316,0.9980689085548484
1,A,0.7581632356995169,-0.44468400488473814,1.25848166459556
1,A,-0.7267048270765752,-0.029444879088238146,1.2488636888100964
1,A,-1.3682810444192945,-0.41386884905792354,-1.38063704952533
1,A,0.43281802588871715,1.1133860233682031,2.049960693636394
1,A,-0.8113931761866716,-0.4809928416539819,1.0168728297995417
1,A,1.4441012617212527,-0.43316903260072903,-0.026717464138257943
1,A,-0.43144620261334543,0.6968625765521028,0.7036077787982606
1,A,0.6556478834022068,-1.0563684131709081,-0.9713852291518638
1,A,0.32192526520394654,-0.04069847515121493,-1.0961562415588573
1,A,-0.7838389408803754,-1.5515448223475896,0.04905045093759706
1,A,1.5757275197919773,1.1671695492356817,-1.19849585655778
1,A,0.6428993057173163,-0.2736457013740807,0.190018998559748
1,A,0.08976064659960567,-0.46784532467225354,1.297705899604666
1,A,0.276550747291463,-1.2382523279862143,-1.033873722964751
1,A,0.6792888160552708,-0.00776203377732663,-0.738440754213064
1,A,0.0898328865790817,-0.8002821779516596,0.04656393945086335
1,A,-2.993090083152935,-0.5334923299504365,-1.0175961198261059
1,A,0.2848829535306594,1.2876752455845886,-0.38328395988627817
1,A,-0.36723464274097534,-0.1755258702421274,0.8727554116713985
1,A,0.18523056486560932,-1.071782384150676,0.969545013970117
1,A,0.5818237273655067,0.16320688246738232,0.3838466650270944
1,A,1.3997368272926782,-0.36273841562794984,-1.8515556630674648
1,A,-0.7272920594744651,0.5900135479873387,-0.053996736826165695
1,A,1.3025426320441438,1.43242192773099,1.064773214338284
1,A,0.33584811975207446,-0.9926925111094927,0.8131950374116049
1,A,1.0385060986976211,0.4546502975802826,-0.19081647410428168
1,A,0.9207285682906463,0.08489805867848729,-2.6999298085637027
1,A,0.7208781628668625,0.8955655822645447,0.06096663880111656
1,A,-1.043118938567855,-0.22977813894626645,0.573751697483578
1,A,-0.09018638661070669,0.8366190684606134,0.04580357972509888
1,A,0.6235181619995436,-1.7450558613366933,0.15741254017587547
1,A,-0.953523357772344,1.6894589213133737,0.4315653728687709
1,A,-0.5428288145738567,0.864777978518578,-0.3965497360502122
1,A,0.5809964976816825,-0.1507759888857478,1.3099782257515493
1,A,0.768178737834591,-1.4490071301391676,0.4703933998739432
1,A,0.4637675885401672,0.6430087000419816,-1.2426702705746016
1,A,-0.8857762974096794,0.48319386381476764,1.3815754563855331
1,A,-1.0997808986478557,-0.006355626421388713,1.204458937009824
1,A,1.5127070098049282,0.15145589286242447,0.824073963681881
1,A,0.25792143753203084,-0.5841089703498042,-1.6626294021855945
1,A,0.08844022915958635,0.3688067326302421,-0.5693063436054808
1,A,-0.12089653753908947,0.29465433971951566,0.6355138172895264
1,A,-1.1943288951605282,-0.279259373342575,0.04372200757785791
1,A,0.6119968980403869,-1.336236654893154,0.3480123036613071
1,A,-0.21713984574652084,0.7007488184400344,2.459593548870415
1,A,-0.18275670633192173,0.5541966222740334,-0.8183803243996695
1,A,0.9333463285711601,-0.8363065928014151,-2.1132001149291364
1,A,0.8217731105082492,-1.594588162006243,0.2736952724304147
1,A,1.392116375934271,0.20495858058763386,-0.6875968412434119
1,A,-0.4761739230546742,-0.3450879779728899,0.4460410529618656
1,A,0.6503485607263051,0.2526117033644547,-0.8123847237905973
1,A,1.3911104563900005,-1.2940024654845534,2.2120554803351355
1,A,-1.1107888794478988,-0.959170444380363,-0.1237059715774298
1,A,-0.8607925868778421,1.0857748536799008,-0.47733550603005215
1,A,-1.13173868085377,0.4037749047157139,-0.1662614914866082
1,A,-1.4592139995023958,0.5864875367192979,0.8625633836264309
1,A,0.07998255324116117,1.8152284461539527,0.09734048520281892
1,A,0.65320433964919,0.12882142860238313,-1.6256167392112881
1,B,-0.004620767826457795,1.3349125853754724,1.0291407193137607
1,B,0.760242167662055,-0.8692717638754418,0.9147748677196131
1,B,0.03899091287256263,0.05548695466510259,-0.00245626667956324
1,B,0.7350721416144408,0.04906691319191917,0.13600955241372722
1,B,-0.14647262699886973,-0.5783557283608968,-0.7201535449431248
1,B,-0.057887335381282594,-0.9987386559960043,-0.19812433005121607
1,B,0.48236946610453274,-0.00243278000660164,-1.0292088060482731
1,B,0.992943636775734,0.6555118828129689,-0.9669558958526157
1,B,-1.2463954980320422,1.4768422789765527,-1.220813088919095
1,B,-0.03348752484560969,-1.9091527882792136,0.8362077039448368
1,B,-0.0709621812499963,-0.7024394733124093,1.1149717984954033
1,B,-0.7589206537309504,-0.31143021801191884,-0.41294485292709077
1,B,-1.034359360939153,-1.6631570306673757,-1.1289773980068305
1,B,-0.6307319539708195,-0.7505334417922901,-0.0879313317770513
1,B,0.5868077200129953,-0.7773517591815082,2.241903693312624
1,B,-0.4163226561836519,-0.7225696998596024,2.0413131707504895
1,B,-0.7848878095053206,-2.188834599147068,-1.7198003367214525
1,B,0.1634163194860971,0.21341855028655424,-0.3569066561223872
1,B,-1.2367142351093496,-0.6319229362548315,1.533280492162294
1,B,1.0458737762366717,1.520491193832163,-0.0382440966102368
1,B,-0.4845954162187092,0.795955949415082,1.5974132423264251
1,B,0.18912881168066548,-1.4535295651327993,-0.33358539330988285
1,B,0.05100633157497321,0.09839542100583878,0.6049859239153778
1,B,-2.406688864419768e-4,-0.5937709842331538,0.22424123925025113
1,B,1.8093820424428657,0.888281168634515,3.229069495480058
1,B,-0.8253279571099446,0.05307041549866654,0.9204525667725203
1,B,1.1454704522279853,-0.5570236258446556,-1.2065390692159215
1,B,0.03157318755324307,0.4383970361727199,-0.6038811691632681
1,B,-0.8352058053067196,0.1526081586424191,0.3702352846220624
1,B,-0.06876364901651252,-0.16461758174956445,-1.9010006466796066
1,B,0.7467716870124667,2.019890621475975,-1.8044099449632423
1,B,-0.425518734394604,-0.5293858863172614,-1.121822606355219
1,B,-0.7720822351934568,-0.4707869729840423,-0.34792960655913974
1,B,0.15276410674789473,-1.5459369240175234,1.23890214863198
1,B,0.9885968451787991,-0.04052672329517714,-0.2741975648522788
1,B,-0.07345833467217404,0.8903563054706759,0.16238071555819292
1,B,-1.387026553559742,-2.071387850929214,-0.06460690975306274
1,B,-1.3066759043753629,-0.2500651200730187,-0.7052370970251425
1,B,-0.7683953250779386,-1.181650426653318,1.3621972687509902
1,B,-0.527108125374458,1.4419372650169073,-1.0965131880833168
1,B,-0.021427065041624633,1.3578955388788618,-0.22843351854689148
1,B,0.6704980709962818,0.33450284734064983,-0.3478280806102688
1,B,-0.4346170385724065,1.4293380804002271,0.5321286195067331
1,B,-1.1138797833128469,-0.8673178508786844,1.6072345622611872
1,B,0.6071059948784999,0.9506517249718858,0.5138145261165937
1,B,0.2754569687395913,-0.5850115086332349,1.3823731605730283
1,B,1.1573470694147365,0.32095752252562904,0.7630970485499031
1,B,-1.6824808594782557,-0.29939601666490834,-0.6245845446341114
1,B,0.08731908889487436,-0.27854308329306865,0.08154380042898692
1,B,1.3533618939426681,0.5461151583295317,1.376079111364769
1,B,0.7241738006833691,-1.303821153644872,-1.5612657861570411
1,B,-0.8325528257642115,-0.2509144650424598,0.32477066059469906
1,B,0.7325284867684142,0.17100737371790972,-0.15679031695223788
1,B,-0.8719268699972127,-0.40346747874750866,0.8777838607343518
1,B,-0.4533975112297928,0.10465944083572706,0.7501665751806383
1,B,1.1875342786290777,-0.31888078673400905,0.3010534038428302
1,B,-0.2901453117900793,1.6183439358834273,1.4928111172293106
1,B,0.8285461449654363,0.714188601488617,-1.5254938001697005
1,B,-0.29122770877916876,2.9658653698332422,0.91071755848602165
1,B,-1.5763624047479061,-0.7950776045592112,-1.579532027857539
1,B,-0.8488156969489218,0.814365914679913,0.5877162571185814
1,B,-1.0885198619571952,2.0980308101303735,0.08964229600072442
1,B,-0.48429057111717344,0.30098005515257,0.9672616569498396
1,B,-0.33631120900957273,-1.083075141839231,0.07881235291482343
1,B,-0.15335789066164382,-1.0063225018032846,-1.56869983648609
1,B,-0.24324722857484596,-0.035414564917611954,-2.0078231840160905
1,B,1.8922020416001113,1.3091243608534149,0.5409735242387628
1,B,-1.3859983372854197,0.7504004866467191,-0.07337659810842548
1,B,-0.41482430070778037,-2.1383683276124197,-0.5710183935580807
1,B,0.3490815281068312,-0.7003541088666343,-0.31106845985364084
1,B,1.6284422658154065,-0.00905647529298544,-0.6714150671013648
1,B,0.08852189571361632,-1.4581334872447682,-0.1573404520809793
1,B,1.239150708400563,0.6945296464948694,-0.9313050709998695
1,B,-1.6445555357537067,-2.461335475186488,-1.9830094794701318
1,B,1.4463565253784794,0.14328976404045582,-0.21959980424937806
1,B,-0.6905601716651827,-0.39122211912705623,1.0452758694623947
1,B,-0.276431085453852,-0.49116408561407543,1.8773295662996703
1,B,-1.1094187598994372,-0.2836474524520513,0.002606195957166371
1,B,0.13386931642945177,0.31479480470784266,-0.08066993470916549
1,B,1.785339051731552,0.39632657793898934,0.9629822812398701
1,B,2.42216335525159,-0.2256037110359602,0.05357101654651744
1,B,-1.0768289021184116,-1.9249504303405596,-0.4348984089100372
1,B,0.48594111040309906,-1.4392292983219794,-1.7372972553423083
1,B,1.3885217387442919,-1.4696577739724017,-1.2636955997824344
1,B,-0.1956568172845439,0.7618634468919316,0.4063085120692733
1,B,-0.21817479770621098,-0.24361498187128025,-1.4596539677797575
1,B,-0.30477795454644524,0.26967660741800764,1.0484573701546989
1,B,0.5978327241114431,-1.558927520955816,-1.3464305394502036
1,B,1.3974294108157594,-0.5355880066963136,-0.1935705581134944
1,B,0.6876197612399635,0.5624519731734953,-0.0023359571136760482
1,B,0.3201880142969686,-0.1783261234199183,-0.012829733867188107
1,B,-0.3018699257772607,-0.11513598620265056,0.15194732198439792
1,B,0.49834868555794937,-0.07206147210636656,0.5985111314010789
1,B,-0.5495369179167563,1.2109098069263033,-0.1262124372982791
1,B,-0.27925650363724275,-0.6148969007997032,-0.24853556584677572
1,B,1.0965134431117325,0.6761264583147006,0.1603273949046219
1,B,0.4420130881788114,0.8985996055375517,-0.4336419415972694
1,B,0.24101629402611238,-1.1893179035210197,1.5374124191002696
1,B,-0.25560765535551844,0.12125884981900881,-2.1702465766160772
1,B,0.9310329014848824,-0.011221686130411487,1.0270046192914306
1,C,-0.24848293318993284,0.2946923564856877,0.6888077523420629
1,C,0.4223203858323932,0.39274126542072585,0.7250830176748637
1,C,0.9876532936396739,-1.0008437130008152,0.21738021093908838
1,C,0.8355681720350228,-0.3257271198234339,-0.20165673161837785
1,C,-0.6605218590457055,-1.0083488054288425,-1.3656898605886827
1,C,1.5640694932918353,-0.6354314820337663,-0.3089376086771595
1,C,-1.622975935291547,-1.2098406879873425,-0.4529028865372268
1,C,0.8638963734789878,-1.1164638006526901,0.6632291445197924
1,C,-0.5116027734362,0.6298811625759352,1.3086295367486969
1,C,-1.9173650254454015,-0.27252157017862555,0.501040309894498
1,C,-1.8658138486199485,-0.25884116837867105,-1.128288535197367
1,C,0.24517906343968862,1.7295581798914932,1.670997305398166
1,C,2.2235343019080664,-0.05839216540737165,1.0103530324521237
1,C,0.27337606414446525,-0.5370637846089186,0.22352121587445836
1,C,1.1307847945282825,0.7472866961657398,-2.206484593209622
1,C,0.8386693740600991,-0.48725783538973294,-0.954585618553158
1,C,-0.6546152778782056,1.372907781479505,-0.06857306721023664
1,C,0.9539609784793955,-0.3776723606462207,0.7613059015652701
1,C,0.35295146548932255,-0.6161526141183943,-1.1799041999582902
1,C,0.20659929264961344,-1.1681250510746857,3.211198956767289
1,C,1.0011132343102485,0.3286403585910858,-2.5538248509508272
1,C,0.7474519916402762,1.466510627440165,-0.23593394933406506
1,C,-0.6265748367231386,-0.3560095450889126,-0.2595626432614345
1,C,0.39522368593671414,0.26146764187743116,-0.6633669166191929
1,C,-0.8921679540455775,0.33332885517573113,-0.31899071082614894
1,C,0.6308184100917731,1.4221932403095425,0.7423951575723151
1,C,-0.4327051832845675,0.6638766006661726,-0.8742926757857727
1,C,0.45213864421851685,-1.0736551556953104,-2.0828137663032784
1,C,0.36799904519634546,-0.6969017746667402,0.09376790281021755
1,C,-0.2703874896619092,-0.7461304569345613,-0.0018198120027956117
1,C,0.4655126177129787,0.14157287213221936,-0.013100652371574047
1,C,0.5743562256269691,-0.003947220730653072,0.6679680745581043
1,C,-0.23069999015741097,0.3679375010917655,-0.013167702952162602
1,C,1.172242508302451,-0.657342914697247,0.7760470304763033
1,C,1.3927027067331212,-0.37634667016105194,-2.0107353326352557
1,C,-0.6619912557095846,0.7413600604250846,-1.128180494971801
1,C,-0.7773692067250142,-0.0996067564484702,0.3487995715857197
1,C,0.5135385789087801,-0.6542898786070948,-0.352898482096924
1,C,-0.9133122380412722,0.971164374061271,0.9447745979176226
1,C,-0.4494238052503006,0.013496311568386465,-1.0047198525264638
1,C,0.8029326991036182,-0.916534667021545,0.7239027324968459
1,C,-0.5734768509811038,1.7096885612616368,-0.6688327409903644
1,C,-1.9281251678483264,-1.1681009899466555,-1.1130401937157997
1,C,0.6643908338221485,-1.7810362601525238,-0.342805189366945
1,C,-1.602540223794253,-2.253132448568217,0.04977932316873963
1,C,-1.3546002574538494,0.6511259695466995,-1.2276819615255357
1,C,-3.017932679417897,-0.5328326256027675,-0.7640059108274475
1,C,0.8312378222300627,-0.2755593569722832,-1.2461820616178816
1,C,0.251097088847344,0.2896269726290456,1.0167739777597726
1,C,0.4622934659413294,-0.46648406179076407,0.7236126240588634
1,C,0.8447922232232367,-1.6080601749446874,-1.0325271371051132
1,C,-0.0419715243215621,-1.9497837960419877,0.5573460041227579
1,C,-1.1055759057000278,-0.3406999182309807,-0.255581423099522
1,C,0.5637756523308739,0.1747255273313199,-1.1133917571466703
1,C,1.3033647558196706,-2.277777560777229,0.4211974396148039
1,C,-1.5002209377946574,0.2905244809470839,-0.3229503118463744
1,C,-0.6069892351190359,0.4223063574736142,0.8801799011915225
1,C,-0.29224506565657726,1.2947373632067145,-0.19486360677590145
1,C,-1.289683343323603,0.16471401857395437,1.1880549821037776
1,C,0.6941058487746988,0.2049538408002352,-0.5097645117679541
1,C,-0.599181902897119,0.604603626725806,0.21954801087329415
1,C,1.256906643971637,-0.019140769168931423,0.3702944213645583
1,C,0.05350801362736302,-0.07971434737880864,0.279108393730607
1,C,0.7280925176718525,0.11598446440280455,0.2019424373133237
1,C,1.5610980682106073,0.7441733640483876,-0.012996542431344207
1,C,0.2656247535971898,-0.4312906035276926,-0.09086500607749005
1,C,1.0767262592072673,-0.4995289519112344,1.3650313653188415
1,C,0.2106979316792455,-0.8651620767557113,0.9081305688831662
1,C,-1.5116735258223681,-0.9577572832718736,-0.6098881714019059
1,C,0.022402259913625017,0.3267999713386376,1.3964372212194525
1,C,0.7181362060421032,1.5473722256851752,0.1447983733084459
1,C,0.4894570178422697,-0.9688595688644306,-0.6406067715953019
1,C,-0.17388834587826962,-0.18844042625946286,0.16980225955853387
1,C,-1.2176994886684003,-1.0300011614559186,-0.15718748742084426
1,C,0.646398368709462,0.9080864418604959,0.10093959454610427
1,C,-0.9164560283478895,-0.3173818647081285,-0.9733941541482801
1,C,-1.2518234424255663,0.17900396654042197,-0.8198252752531987
1,C,0.5949277184055011,0.34802818772917704,1.3629189690254262
1,C,-1.2328106651898265,-1.0542790212744402,0.9613709305312782
1,C,0.24436441490613758,-0.1047442881107015,-0.8837244744011143
1,C,0.0027721853435950594,-0.22834261709452935,-0.9000921154363215
1,C,-1.3282096860255648,0.6753555624275389,1.7233331327968302
1,C,1.1796964118327748,-1.2332446935063093,1.9090421621289333
1,C,-0.5928049991489289,-1.199961544422779,-0.7771411958552634
1,C,1.199978316336672,0.7658665766161076,-1.302305262613107
1,C,-0.4750336796121346,-0.588097861282977,2.623495166818679
1,C,-0.5750570961508163,-0.6602958299755759,0.22962891434680732
1,C,-0.03122602460849903,0.1130135221973437,0.1867498921418854
1,C,-0.3580569959784556,-0.3203987996860388,0.07613663495028053
1,C,-0.35660107764773125,1.8663814969387875,1.4048601863213326
1,C,-0.8776643834337259,0.2595314557677988,-0.19172223533631721
1,C,-1.2128971251779628,0.16156007091806993,1.4593921641560914
1,C,0.6132866186870338,0.9310749093353541,-0.22065545113454113
1,C,-0.8062033414624774,-0.059946749259621124,0.5051458862731404
1,C,-1.3764569299088951,0.04873970007745018,-1.0334970060728785
1,C,-0.5078478991635471,-1.0728754007339636,0.1704734714592196
1,C,-0.8009354867373379,-2.2929714304806725,1.2006681608919263
1,C,-2.1927856856700676,-1.2072068500643423,-0.16340591476573624
1,C,-0.29093714926767483,0.11410942979719113,1.282475863122638
1,C,0.1671741211605177,-1.0332970791053768,2.7271963879112677
2,A,0.9419242173309245,2.3250584937151295,-0.6502844284879148
2,A,-0.24861403727955858,0.5241221811510918,-1.0031832283133624
2,A,0.09647885970648512,0.9707334164085906,-0.5351139128744782
2,A,-0.4339309413017392,0.37697339715261424,-0.11041456677678765
2,A,2.178667867451565,-0.9959333965421564,0.6004301693135732
2,A,-2.958779619130124,-0.5974829130480451,0.41584505959868184
2,A,0.08088823919911371,0.1652514230801522,-0.10575064667699176
2,A,0.11013780461722104,-2.9284771785775674,-0.8565625382461213
2,A,0.21344832631265254,-0.8479142265785491,1.1273273343221626
2,A,-1.557819612632322,0.7985845122234458,0.9162816214484535
2,A,0.21621154625775754,-0.29845598796521916,-0.7243795927243609
2,A,0.18766381702644017,-0.28361137694537103,0.6867790875747423
2,A,1.2586221252136005,0.8695193066487641,0.4500857916446119
2,A,0.5235177809089644,-0.5443552846989768,1.0452216061050377
2,A,1.1154542774799587,0.6288032353776031,0.14962903443743952
2,A,-0.9575022421704695,-1.4223344579453914,-1.1410671532006933
2,A,-0.12440557985543199,-1.2275126333342832,0.8024994024196572
2,A,0.19173782904996792,-1.6741055157444316,-0.7287165309694461
2,A,0.27221725060334673,0.08439848224487866,0.5272092857284807
2,A,-0.6938144636732546,-0.20612566397040047,1.6734787722123097
2,A,1.4791719208521332,1.4418716402820593,-1.418828020270831
2,A,-0.6117670216427712,-0.04178210338536436,1.561910801168893
2,A,-1.6143099743593508,1.3537544777637787,1.3531610089180777
2,A,0.4024901105906706,1.945225275922834,-0.5286967766915578
2,A,0.6645554472894842,-0.49093823370814144,-0.25127277547927845
2,A,0.944127070994937,0.3884390749446119,-0.6858476862924978
2,A,-0.9462607977082884,-0.8448932591859802,-0.5703676522541216
2,A,-0.24828844923889606,0.7379903678710895,0.5796313815461571
2,A,-1.3284364685390775,-1.0797603312838622,-0.8989590052521147
2,A,0.8447637420989171,-1.026473876243626,-0.19032988791278269
2,A,0.3476967324386477,0.2887933615788753,-0.14390337734646125
2,A,0.9137625864311069,0.09081131928717488,-0.09657265128755536
2,A,0.6082745533806813,0.262623176711222,0.18144671572235682
2,A,-0.607547987804487,0.06933491279125373,1.5965742091863149
2,A,0.17965807087184416,-0.5286438188568247,-0.4513317398934574
2,A,-1.908409419417377,-0.13020216451876626,-0.7948802248008185
2,A,0.5029462576890954,1.620158744355816,0.7922843496522928
2,A,0.9688991534784993,-0.017895123323470645,0.3804722997610268
2,A,-0.8757371257733274,-1.3184893989492927,0.235787982992453
2,A,-2.1360245386980052,-0.8445601605812773,0.5909882635204098
2,A,-1.522827581585013,-1.1018148724911059,-1.4119302020788889
2,A,-1.1131182078860709,-0.9000901430074985,1.063295792291115
2,A,1.2409838955358967,-1.261083919822479,0.45391787889759133
2,A,0.0034819350629902474,-2.625848902482905,0.9513129770197867
2,A,-1.237794585993066,0.6690657491905735,-0.598517713401516
2,A,0.5556991188980251,0.6600415092307766,-1.841940050346137
2,A,-2.1831493493598972,-0.2506004353911097,-0.48458953314793385
2,A,-0.24702445709724813,-0.7237973169538191,-0.9068468150233969
2,A,1.1128569275864453,-0.8121816323294134,2.222762447404377
2,A,-0.3416732370090863,0.3987343360184132,-0.4134665763761798
2,A,1.305438342141067,0.22656357387937687,-0.21567384670464432
2,A,1.7953238714407933,0.4216435797532107,1.062978520071151
2,A,-1.1678352274734476,0.004837943724099069,0.6203465265802434
2,A,-1.152287624982017,0.6189839150965187,0.6730666518789995
2,A,-0.9144554693456491,0.43113394448592757,2.6337095629483303
2,A,0.5287280325336294,0.5583123701872228,0.16611439867297034
2,A,0.835078927048582,0.49596128067200856,1.9051755375342605
2,A,1.209136974091531,1.6618857409457788,0.2537184013130833
2,A,1.2994725453608154,-1.0550346122045031,-1.4590219672542974
2,A,1.0757323042098934,1.5083246867800042,-2.2272482412803534
2,A,0.9398010235142974,-0.334208656655074,0.649683551167725
2,A,0.16337469340676597,-0.0649807438184409,-0.9992498647685573
2,A,-0.8881385586403917,0.08108153871340283,0.04197238367631394
2,A,-0.7261609827563505,-0.4482147955388409,1.77704370004004
2,A,0.4075970056137385,-2.5538069502659657,0.34718267733720676
2,A,1.683536339251793,-0.31293253511901425,-0.287097446149789
2,A,1.7059798235646129,0.04138315204029758,-1.9245766521091114
2,A,-1.926166700826081,-1.7377280613376194,-0.8006491093399127
2,A,-0.8339980152284645,0.5499396596983802,-0.5756179707266232
2,A,1.4191325163331894,-0.597273692593322,0.6842057326703562
2,A,-1.064109715019239,1.447741806036548,0.4834573476171379
2,A,-1.6135774724804477,0.2648681142642594,0.013963408707379795
2,A,0.5998110886974272,-0.7887828077824716,0.1802437346251207
2,A,1.7329647053870507,0.16773222067152876,-0.28812324830850017
2,A,1.9345045624577328,0.25758310820126024,0.030227222890228545
2,A,0.5328205756707936,0.912047367450309,0.2716741085294854
2,A,0.7196657560197846,-0.15687238255486707,0.44915842741342576
2,A,0.560093385755184,-2.0333757084470867,1.8276276584303897
2,A,-0.018086931659967043,-1.2996658230785754,-1.1120237108838127
2,A,-3.3717390825505142,-0.8572506599290353,1.4748074315837107
2,A,0.7607032447597548,0.42626529453619055,0.6715124601443916
2,A,-0.39122685224321024,-0.2848362630847537,-1.545328543714433
2,A,1.00990122381185,-0.6143685419698617,-0.2770472279911051
2,A,-0.6269731470737493,-0.8448908321574826,-0.62934299197198
2,A,-1.6345773695018644,0.15369495721887183,-0.9330004516197519
2,A,1.2452426520304833,-0.8514322757781879,-1.5378864842282585
2,A,0.18137744655540355,-0.3979210729428851,-0.4941020495999453
2,A,3.4953042639855987,-0.9399772262809529,-0.43536001527019635
2,A,0.9155919133269127,-1.3882537414194176,-0.32354467628022643
2,A,1.0485065174262436,0.955184588863398,-2.061113618916185
2,A,0.7638249369348555,-1.317495470032382,0.44150255509554487
2,A,-0.6033873768593994,0.07302914615962185,0.7463512465663669
2,A,-0.37042966270277583,-0.5681858485683701,0.7896428738246852
2,A,1.0598259383336466,-1.0584506687838313,0.7707405070395444
2,A,1.0551105298393884,0.2593135384170688,0.20050631783036718
2,A,0.5829721611203191,0.37313450451916086,1.4683500316777511
2,A,-0.986567435539539,1.264666769284147,-0.8764554839407523
2,A,1.6846218117439808,0.3252249960682651,-1.22660469372111
2,A,-1.3668410456826299,-0.1384673195083057,0.33783791997457563
2,A,-0.4332143486111139,2.6024688972798007,0.4408240872541493
2,B,-0.7465164517367683,-1.1855469365587816,0.8772946518267574
2,B,0.03660612043192431,-0.6583892906970434,-1.7733714389336948
2,B,0.32330962420304826,1.089507948791551,-0.04568732431115431
2,B,0.37967603240159153,0.5087859411606611,-0.39487225398413933
2,B,0.8765564957953621,-0.1359066256004245,-0.12805626642101775
2,B,0.9333879875696369,-0.10878273695689254,1.0962377318866179
2,B,-2.428807522682418,0.7549001604546406,-1.2552178606199045
2,B,1.7279940234211653,-0.22381132161996606,-0.2654836946298952
2,B,0.4560026462772113,0.07495517093992426,2.553302490040256
2,B,-0.5703603457456519,-1.64595480215,-1.4783063059505208
2,B,-1.114624402177969,1.7740093651550226,-0.6265875682307228
2,B,0.905064265563895,0.7659679159765745,-0.04105202234139069
2,B,0.32809601548413353,0.8322878430107545,0.19995321983243855
2,B,1.078089960047822,-1.9054575224731196,-0.5333056005273764
2,B,-0.060315553702500954,-0.020836676194414483,-0.2660323176840108
2,B,-0.24351876196312483,-0.4089339124482176,1.084147814118668
2,B,2.241422560688276,-1.376386306576796,-0.180745479625044
2,B,-2.0359929708558315,0.727430374393256,0.25155531937823333
2,B,0.3909144650828376,1.2341307812370943,0.3695422351548928
2,B,0.38481334289965335,-0.5532244058774668,0.40703425938976656
2,B,0.43869559954139736,-0.2291901779287346,0.49250501924578177
2,B,0.5581409020465701,1.7114619889222717,0.05463257905230766
2,B,-0.27640638297744613,-1.649807903297015,-0.7086740761619106
2,B,1.1662880789822323,0.7442207854378186,-0.05827075244354768
2,B,-2.4542772349373867,-0.3140213239809157,-0.9634218222375059
2,B,-0.8055662594545673,-0.1153108414044538,0.09339329660587407
2,B,-0.11914455062002466,-0.6109743427721397,-0.34790113345910784
2,B,0.16321623413879366,1.0966953790190437,-0.11833443814554861
2,B,0.4064795077629168,-1.1271676110837585,-1.0990909571749181
2,B,0.6393399956443094,0.9626094924382965,-0.28307641242223125
2,B,-1.5085176373723503,1.4064640162318887,-1.08973467284561
2,B,0.007670604397026892,-1.6416495088997,-0.40566554409986216
2,B,0.524168022000385,-1.1269041925492311,0.5269072595977633
2,B,1.326335871570789,0.5915454805024232,0.2404199817754961
2,B,-0.11356773443256425,-0.9563091195059358,0.8983624572493665
2,B,1.5991494783968567,-0.6915298863463935,0.48796812693547603
2,B,-0.2815280989281789,-0.4453527673513607,0.11199136519753879
2,B,-0.049898138910506394,-0.34448422832656767,0.9983133471362193
2,B,0.16021412732112433,0.703698185246122,1.1917168087534211
2,B,-0.5023805624053285,-0.6030057647942594,-1.399387567123713
2,B,0.7159380487761894,0.08935041241468146,0.8921477366467718
2,B,-1.3457873031632113,0.7374946372199045,0.7779589703408062
2,B,-0.005643565302149098,-1.5403794445717713,0.9419145163469508
2,B,-0.5405425497395331,-0.6896322926488089,-0.9088027123011023
2,B,-0.5470737408496824,0.8597934602094306,2.408930844476213
2,B,1.1514453870444326,-0.37651974067577243,-2.5942501743080837
2,B,1.0522196819459095,-2.5350834703052296,0.006863037514093956
2,B,1.5980265287026578,-0.8578092286172085,0.11810666892833585
2,B,-0.26379679310845855,0.8160264069261626,-0.1496973264100896
2,B,0.0324007875469165,-0.4265889092257753,0.747873287863168
2,B,-1.5515833076859085,-0.4046368400416797,0.12403480689882951
2,B,-0.3881794300245232,-0.145769224262472,-0.7780547472126507
2,B,1.764148122180129,0.7194663680673701,1.4100333054922198
2,B,-0.4165277275637197,-0.49109075221932663,-0.2939118082298579
2,B,-1.1663386887893898,0.47595843841849905,0.6106786450053747
2,B,0.04189456618510588,0.5731536680526746,-0.6665100798632624
2,B,1.2464891302595444,-1.018859577715648,-1.0598828782704992
2,B,-1.577971304208347,-0.06187223443636631,-0.6058386991623147
2,B,-0.2538204717891016,-0.5383051016044514,-1.0568414208541237
2,B,0.4678305420506137,0.41695472611076423,0.5331064726749605
2,B,1.9775299944558473,-1.5082766561302432,-1.5520926146474239
2,B,-0.6156057948436239,1.5391699277674722,-0.9784894653085779
2,B,1.519421601211094,1.3460180885959963,0.027218355159977455
2,B,-0.43289519356180955,-0.842855777501525,-1.7155723169970931
2,B,-1.0310177080617127,-0.6698742278076583,-0.5048880264927087
2,B,-1.1343344983227077,-0.9084874481461224,-0.3049226809175709
2,B,-0.22109812537753135,-0.13654064179769426,1.3460782354266547
2,B,-0.02241469890394656,-0.5010379632912508,-0.2575366907966963
2,B,-0.32290182802397005,0.11263844681639969,-0.5232873006583341
2,B,1.0522231597255411,-1.8752175630942731,-0.6632177989726314
2,B,0.1895411656951991,0.15854671445831484,0.44722103969265903
2,B,-0.10582760886587328,0.015562671264004254,-0.3194509819260091
2,B,-0.6025544725327162,-1.600603461260133,-0.5437788499369166
2,B,-1.2960159312620385,0.2759730891699569,-0.2796734424885122
2,B,-1.959326638706552,0.054952639870907725,1.065232600366933
2,B,0.2134117305211705,-0.23057335469725784,1.567828749145618
2,B,0.025335870111236627,-0.01321629060389138,-0.6431120789585363
2,B,1.3650231878599381,0.3849491960223269,0.020521748510687776
2,B,0.2910938082448567,0.3467237170012456,-0.3241844583754852
2,B,0.7972177011260901,-0.43161276057862674,1.857396022175367
2,B,0.040986374375661355,1.150178039328703,0.5907639950690642
2,B,-0.8183240496258889,-0.036532192887879233,-1.780626717396396
2,B,0.28964064316442706,-0.1358014217365643,-0.43410869957531445
2,B,0.339787111301115,0.9446180456445226,-2.2927497117060196
2,B,-0.8173927307634327,0.9920413616700635,-0.0929652384515409
2,B,-0.028749315228080143,-0.7006697549689008,0.7039644533297097
2,B,2.000781651111994,-0.991058671834594,-0.8944896212567668
2,B,-1.1292660632846225,-0.7056180526588193,-1.2825067920746187
2,B,1.4721785920697237,-1.1757758933282167,1.2557841741504774
2,B,-0.22706891648490235,-1.7811969517403206,-0.9646299795883764
2,B,1.4823105962420093,0.3106075218383912,0.9077838810640909
2,B,-0.8430531744872878,-0.14511036094943097,0.21407361366917388
2,B,-0.06619532745589793,0.6425497536924575,0.8810231227489741
2,B,0.3112334983578642,-0.0016593623013042606,1.0025449982827717
2,B,-0.11259022830341384,0.4091629620773515,1.1399105045677533
2,B,0.6587388389426452,-0.4960581473101476,1.2360358523077632
2,B,-0.16686150010948952,-0.9601079589011654,0.2954015101426748
2,B,1.2088734651601496,0.7781322245704327,0.1717610236054584
2,B,0.1704194338842226,0.7611206163278411,-0.9553892826954384
2,B,0.6924196362447468,-1.7337121838832341,-1.2104091210567343
2,C,-0.6013829978365818,0.02931665279420152,1.4482016745819362
2,C,-0.13581613657988537,1.9343143361512385,-0.0858556605918652
2,C,-0.9872727849205105,0.837510875177963,-1.5737698016534558
2,C,0.8319250146182675,-0.1853463310846669,1.2924761594666945
2,C,-0.7950595164154813,0.5333291777643865,0.08446775556771605
2,C,0.3404646120158266,1.7849562420147613,0.9670459964800892
2,C,0.8704298203469144,0.18962781983013088,1.9391129942170187
2,C,-1.1821610052463793,-0.5690875121866001,1.0798726381656365
2,C,1.0228939757349593,1.4518929445721223,-0.35359352683315326
2,C,-2.1084345762433343,1.8689934525653216,-0.13492312471856474
2,C,0.22976263769932534,-0.9845548937375409,-0.9871324333075012
2,C,1.5117107915537606,0.7187567639043662,-0.821708146060393
2,C,0.5554379891506769,0.1293472969582619,0.48953092251473074
2,C,0.9148788012493722,0.7016413088933632,-0.29927745890947816
2,C,-0.553396624279516,0.5266978318874485,0.6582548985743554
2,C,0.2983760895100173,-0.02051309895460233,0.8324095496707908
2,C,1.1063795396521392,0.4382510473069706,0.3634632612226935
2,C,-1.3291495848324175,-1.210528565701537,-0.3986456586169523
2,C,1.0016941288860208,-1.4044199438289036,-1.4979299895056977
2,C,-1.4093038737574097,0.7207491572093119,0.11462817527246615
2,C,-0.49878102468126784,0.08603550327672523,-1.0378166173366294
2,C,2.622756852488452,-0.13161704140846006,0.6459788712615673
2,C,0.510665566028528,-1.6760519789398385,0.7728454000585773
2,C,-0.09084319421919865,-0.5694979907681135,0.3160141581204164
2,C,0.9787656792108788,0.19220515089654489,-1.0381128247982336
2,C,-0.24380865688831474,-0.48632292075282174,-0.7551372900888536
2,C,0.621808959213633,0.08128401299387518,-0.491504309692582
2,C,-0.34459521984632246,0.38489724678429676,0.14722574510784492
2,C,-2.3552245458414904,-0.13750197103818082,2.3565030432853304
2,C,0.472387633353643,0.4275931092390938,-0.9206687671059044
2,C,-0.5114801947869138,-0.24306444853936343,-2.156847783208847
2,C,-0.5736021997561158,-0.31835282785389135,-0.12040004956130267
2,C,0.0037972037286031477,-0.2541063935080105,-0.8392443295637088
2,C,1.3425509295278137,0.6388874301630656,-2.172439908714783
2,C,0.29546151155941275,0.8210653831660846,-0.874307976154287
2,C,0.8417869436054354,2.335479086581958,-0.37357934890249733
2,C,0.6290642982204703,-0.9833075576110619,-1.1021977120964235
2,C,0.10159839946306652,-0.7074574400062579,0.715659860663444
2,C,0.6711208746610127,0.6441491013499182,0.9076403056841753
2,C,-0.13831637456171936,1.6376653299462087,-0.3248051337851333
2,C,-1.2493122531524068,1.2266481746643072,-1.4815859322817457
2,C,0.34763524421535724,-0.46770561833081215,0.5941711388635419
2,C,-2.277813659171607,-0.678231063737989,-0.8548746871195445
2,C,-0.9862091811936324,1.6964022713304383,-0.8299175366325472
2,C,-0.059541343552206895,1.5428468500890653,0.1491068149641561
2,C,-0.16075949047412358,0.21452759206094296,-0.9761460413840471
2,C,-0.42036152034029206,1.7006882957523173,-0.29468440765638787
2,C,0.9885910163286148,-0.007986829647892586,-0.7709749158153469
2,C,-1.069613791108628,-0.8179003648027694,0.3922837070787426
2,C,-2.61364346701511,-0.05061017028354367,-0.8463059048844948
2,C,0.7804518976621526,0.0799210865490335,-0.8437599309304528
2,C,0.045105073554070174,-1.5595710978940476,-0.9618884442882683
2,C,-0.10848915889756647,-0.1714979567462924,0.011049653356544679
2,C,-0.39122431007096575,-0.41860709283233505,1.2149489654218435
2,C,-1.6869995043285952,0.49128681803316104,-0.8888785157382842
2,C,-0.9527044551516795,-0.5312284312310298,0.21810126144660336
2,C,0.5074141121033953,0.48222011773489587,-0.6561169996070382
2,C,0.018816099006722327,0.5362910400493249,-1.0885158472806638
2,C,-1.4189103735856239,-0.2793242078589016,1.0911308981076977
2,C,0.5981719313522365,-0.04350726470058386,-0.569227321657799
2,C,0.786379621743228,2.3815152919595137,1.6208101305906004
2,C,-0.13463304590223737,1.5480311133556135,-0.6869884455837407
2,C,-0.016386517615322973,1.5547619985289785,0.656996703568632
2,C,1.4091404082350907,0.058111230113913004,1.110692215234704
2,C,0.3948386988022658,-0.8397789155271641,2.1407207300663287
2,C,1.2198751280724671,0.5711234486554827,-0.8309718091323961
2,C,-0.045077212872976176,0.0660477825630555,0.07640585619813531
2,C,1.4794878448387823,3.5846594929299878,0.9358244461990528
2,C,-0.07568378669239208,-1.9318955536512679,-0.5016667028648101
2,C,0.917748457199555,-0.20283250424597696,0.5948534638511801
2,C,-0.34477871374241287,1.4837152042731097,-0.43065116913637064
2,C,-1.0770026560539199,-2.098516400164505,-1.1333390526727913
2,C,1.0016047273582862,-0.2596486660567595,-2.2371715597696302
2,C,2.2960040407713387,0.33406793588718386,0.5146395724431421
2,C,-0.32587811545001427,-0.21963759163321958,-0.3419071151629224
2,C,1.4688561285293178,-0.9317718032891069,1.7178774288192893
2,C,-0.23690893317385903,-0.12224021829657618,-1.1163779086579613
2,C,0.9234931178904284,1.3385284234617612,-0.4884796191628473
2,C,-0.9891918067014089,-1.348331190044365,0.8073322934077581
2,C,0.27564627828670923,1.4148357245099814,-0.2610087416707862
2,C,-0.7636610935610371,0.9140489455146815,0.48805991782657887
2,C,-1.3521119841999711,-1.2366879184933135,1.35278382096951
2,C,0.655024410228004,-1.5007603546746295,2.176815591309255
2,C,1.6096467603549578,0.03453868389653266,0.05138711120683803
2,C,-0.7885069658779102,0.28629964540269187,-0.8380954452354142
2,C,-0.8838761125259953,1.1862080938456099,-1.0846150093084224
2,C,-1.0725146117935815,-0.03754937184254803,-0.5465327690733417
2,C,-0.45814098144784066,0.4203715939735593,-0.42650970470470567
2,C,0.6656470155782271,1.2892464823427667,-1.2109975553997858
2,C,0.712228212418725,1.1706891850996175,0.5977929977790253
2,C,0.44295422749916186,0.8260936540847125,1.423895789083935
2,C,0.759587312059179,0.3239170650904844,-0.44329862555834554
2,C,-0.46887766601912356,0.3809504114545489,-1.0403334656742886
2,C,-0.17270997788383685,1.202619582793291,-1.2738970784072474
2,C,0.6820498993858072,1.1022057507321383,0.7701516120117967
2,C,-0.28157732824154336,-0.06151493997914648,0.03152262197652901
2,C,-0.9616225739318208,0.36458991399577856,-1.9048547514382668
2,C,-1.377650144732557,1.6925522999857703,-0.12375517714557054
2,C,2.6975866366383565,1.4713670124719842,3.283772134383341e-4
2,C,-1.6997150555629317,-0.9772476613441192,-0.8437783447288568
